OverallQual,YearBuilt,YearRemodAdd,TotalBsmtSF,1stFlrSF,GrLivArea,FullBath,TotRmsAbvGrd,GarageCars,GarageArea,SalePrice
7,2003,2003,856,856,1710,2,8,2,548,208500
6,1976,1976,1262,1262,1262,2,6,2,460,181500
7,2001,2002,920,920,1786,2,6,2,608,223500
7,1915,1970,756,961,1717,1,7,3,642,140000
8,2000,2000,1145,1145,2198,2,9,3,836,250000
5,1993,1995,796,796,1362,1,5,2,480,143000
8,2004,2005,1686,1694,1694,2,7,2,636,307000
7,1973,1973,1107,1107,2090,2,7,2,484,200000
7,1931,1950,952,1022,1774,2,8,2,468,129900
5,1939,1950,991,1077,1077,1,5,1,205,118000
5,1965,1965,1040,1040,1040,1,5,1,384,129500
9,2005,2006,1175,1182,2324,3,11,3,736,345000
5,1962,1962,912,912,912,1,4,1,352,144000
7,2006,2007,1494,1494,1494,2,7,3,840,279500
6,1960,1960,1253,1253,1253,1,5,1,352,157000
7,1929,2001,832,854,854,1,5,2,576,132000
6,1970,1970,1004,1004,1004,1,5,2,480,149000
4,1967,1967,0,1296,1296,2,6,2,516,90000
5,2004,2004,1114,1114,1114,1,6,2,576,159000
5,1958,1965,1029,1339,1339,1,6,1,294,139000
8,2005,2006,1158,1158,2376,3,9,3,853,325300
7,1930,1950,637,1108,1108,1,6,1,280,139400
8,2002,2002,1777,1795,1795,2,7,2,534,230000
5,1976,1976,1040,1060,1060,1,6,2,572,129900
5,1968,2001,1060,1060,1060,1,6,1,270,154000
8,2007,2007,1566,1600,1600,2,7,3,890,256300
5,1951,2000,900,900,900,1,5,2,576,134800
8,2007,2008,1704,1704,1704,2,7,3,772,306000
5,1957,1997,1484,1600,1600,1,6,1,319,207500
4,1927,1950,520,520,520,1,4,1,240,68500
4,1920,1950,649,649,1317,1,6,1,250,40000
5,1966,2006,1228,1228,1228,1,6,1,271,149350
8,2007,2007,1234,1234,1234,2,7,2,484,179900
5,1959,1959,1398,1700,1700,1,6,2,447,165500
9,2005,2005,1561,1561,1561,2,6,2,556,277500
8,2004,2005,1117,1132,2452,3,9,3,691,309000
5,1994,1995,1097,1097,1097,1,6,2,672,145000
5,1954,1990,1297,1297,1297,1,5,2,498,153000
5,1953,2007,1057,1057,1057,1,5,1,246,109000
4,1955,1955,0,1152,1152,2,6,0,0,82000
6,1965,1965,1088,1324,1324,2,6,2,440,160000
5,1959,1959,1350,1328,1328,1,5,1,308,170000
5,1983,1983,840,884,884,1,5,2,504,144000
5,1975,1980,938,938,938,1,5,1,308,130250
5,1959,1959,1150,1150,1150,1,6,1,300,141000
9,2005,2005,1752,1752,1752,2,6,2,576,319900
7,2003,2003,1434,1518,2149,1,6,2,670,239686
8,2006,2006,1656,1656,1656,2,7,3,826,249700
4,1920,2008,736,736,1452,2,8,0,0,113000
5,1966,1966,955,955,955,1,6,1,386,127000
6,1997,1997,794,794,1470,2,6,2,388,177000
6,1934,1950,816,816,1176,1,6,2,528,114500
5,1963,1963,816,816,816,1,5,2,516,110000
9,1981,1987,1842,1842,1842,0,5,3,894,385000
5,1955,1955,384,1360,1360,1,6,2,572,130000
6,1964,1964,1425,1425,1425,2,7,2,576,180500
8,1999,2000,970,983,1739,2,7,2,480,172500
7,2004,2004,860,860,1720,2,7,2,565,196500
10,2006,2006,1410,1426,2945,3,10,3,641,438780
5,1972,1972,780,780,780,1,4,1,352,124900
6,2004,2004,1158,1158,1158,1,5,2,576,158000
5,1920,1996,530,581,1111,1,6,1,288,101000
8,2006,2006,1370,1370,1370,2,6,2,484,202500
7,1921,1950,576,902,1710,2,9,2,480,140000
7,1997,1998,1057,1057,2034,2,8,2,645,219500
8,2004,2005,1143,1143,2473,2,9,3,852,317000
7,1970,1989,1947,2207,2207,2,7,2,576,180000
7,2003,2003,1453,1479,1479,2,7,2,558,226000
4,1945,1950,747,747,747,1,4,1,220,80000
7,1953,1953,1304,1304,2287,2,7,2,667,225000
7,1973,1973,2223,2223,2223,2,8,2,516,244000
4,1982,2006,845,845,845,1,4,2,360,129500
7,1998,1998,832,885,1718,2,7,2,427,185000
5,1954,2003,1086,1086,1086,1,6,2,490,144900
3,1915,1950,840,840,1605,2,8,1,379,107400
4,1973,1973,462,526,988,1,5,1,297,91000
4,1956,1956,952,952,952,1,4,1,283,135750
5,1948,2001,672,1072,1285,1,6,1,240,127000
4,1968,1968,1768,1768,1768,2,8,0,0,136500
5,1910,1981,440,682,1230,1,5,2,440,110000
6,1968,1968,896,1182,2142,2,8,1,509,193500
6,1998,1998,1237,1337,1337,2,5,2,405,153500
8,2007,2007,1563,1563,1563,2,6,3,758,245000
5,1960,1960,1065,1065,1065,1,6,2,461,126500
7,1995,1996,384,804,1474,2,7,2,400,168500
8,1991,1992,1288,1301,2417,2,9,2,462,260000
6,2005,2005,684,684,1560,2,6,2,400,174000
6,2009,2009,612,612,1224,2,4,2,528,164500
3,1915,1982,1013,1013,1526,1,6,0,0,85000
4,1994,1995,990,990,990,1,5,0,0,123600
4,1950,1950,0,1040,1040,1,4,2,420,109900
5,1961,1961,1235,1235,1235,1,6,2,480,98600
5,1921,2006,876,964,964,1,5,2,432,163500
6,1910,1998,1214,1260,2291,2,9,2,506,133900
6,1997,1997,824,905,1786,2,7,2,684,204750
6,1993,1993,680,680,1470,2,6,2,420,185000
7,1999,1999,1588,1588,1588,2,6,2,472,214000
4,1965,1965,960,960,960,1,6,1,432,94750
5,1920,1950,458,835,835,1,5,1,366,83000
4,1959,1959,950,1225,1225,1,6,0,0,128950
6,1977,2001,1610,1610,1610,2,6,2,480,205000
6,1985,1985,741,977,1732,2,7,2,476,178000
5,1979,1979,0,1535,1535,2,8,2,410,118964
7,2009,2009,1226,1226,1226,2,6,3,740,198900
7,1931,1950,1040,1226,1818,1,7,1,240,169500
8,2003,2004,1053,1053,1992,2,9,2,648,250000
4,1885,1995,641,1047,1047,1,6,1,273,100000
5,1948,1950,789,789,789,1,5,1,250,115000
5,1919,2005,793,997,1517,2,7,0,0,115000
6,1977,1977,1844,1844,1844,2,7,2,546,190000
6,1954,1972,994,1216,1855,2,7,1,325,136900
7,2000,2000,384,774,1430,2,7,2,400,180000
7,2007,2007,1264,1282,2696,2,10,3,792,383970
6,1953,1953,1809,2259,2259,2,7,2,450,217000
6,1945,2002,1028,1436,2320,2,9,1,180,259500
6,1999,1999,729,729,1458,2,5,2,440,176000
5,1962,1962,1092,1092,1092,1,6,1,288,139000
5,2006,2007,1125,1125,1125,1,5,2,430,155000
7,1990,1990,1673,1699,3222,3,11,3,594,320000
6,2005,2006,728,728,1456,2,8,2,390,163990
6,1969,1969,938,988,988,1,4,2,540,180000
4,1939,1950,732,772,1123,1,4,1,264,100000
6,1958,1958,1080,1080,1080,1,5,1,288,136000
6,1993,1993,1199,1199,1199,2,5,2,530,153900
6,1979,1998,1362,1586,1586,2,7,2,435,181000
6,1935,1982,520,520,754,1,5,0,0,84500
6,1976,1976,1078,958,958,2,5,2,440,128000
5,1930,1950,672,840,840,1,5,0,0,87000
6,1966,1966,660,660,1348,1,6,2,453,155000
5,1958,1991,1008,1053,1053,1,6,2,750,150000
7,1966,1966,924,1216,2157,2,8,2,487,226000
6,2000,2000,992,1022,2054,2,7,2,390,244000
5,1959,2002,1063,1327,1327,1,7,2,624,150750
8,2001,2002,1267,1296,1296,2,6,2,471,220000
5,1968,1993,1461,1721,1721,2,7,2,440,180000
7,1970,1970,1304,1682,1682,2,7,2,530,174000
5,1967,1967,1214,1214,1214,2,5,1,318,143000
7,1988,1989,1907,1959,1959,3,9,3,766,171000
8,1999,2000,1004,1004,1852,2,7,3,660,230000
6,1997,1997,928,928,1764,2,7,2,470,231500
4,1971,1971,864,864,864,1,5,0,0,115000
7,2005,2005,1734,1734,1734,2,7,2,660,260000
5,1952,1952,910,910,1385,2,6,2,720,166000
7,1999,1999,1490,1501,1501,2,6,2,577,204000
5,1963,1963,1728,1728,1728,2,10,2,504,125000
6,2004,2006,970,970,1709,2,7,2,380,130000
5,1931,1993,715,875,875,1,5,1,180,105000
7,2001,2001,884,884,2035,2,8,2,434,222500
7,2004,2005,1080,1080,1080,1,6,0,0,141000
5,1936,1950,896,896,1344,1,7,1,240,115000
5,1975,1975,969,969,969,1,5,2,440,122000
8,2007,2008,1710,1710,1710,2,6,3,866,372402
6,1971,1971,825,1097,1993,2,8,2,495,190000
6,1960,1975,1602,1252,1252,1,4,2,564,235000
6,1923,1950,1200,1200,1200,1,7,1,312,125000
6,1924,1950,572,572,1096,1,5,0,0,79000
5,1950,1950,0,1040,1040,1,5,2,625,109500
8,2009,2010,774,774,1968,2,8,3,680,269500
7,2004,2005,991,991,1947,2,8,2,678,254900
7,2005,2006,1392,1392,2462,2,9,2,576,320000
6,1984,1984,1232,1232,1232,2,6,2,516,162500
9,2003,2004,1572,1572,2668,2,10,3,726,412500
7,2005,2005,1541,1541,1541,2,7,2,532,220000
4,1956,1956,882,882,882,1,4,0,0,103200
6,1926,2004,1149,1149,1616,2,5,1,216,152000
5,1940,1999,644,808,1355,2,6,0,0,127500
5,1955,1993,1617,1867,1867,1,7,1,303,190000
8,2007,2007,1582,1610,2161,1,8,3,789,325624
7,2004,2004,840,840,1720,2,7,2,440,183500
8,1981,1981,1686,1707,1707,2,6,2,511,228000
5,1941,1950,720,854,1382,1,7,2,660,128500
6,1960,1960,1080,1656,1656,1,7,2,528,215000
7,1987,1987,1064,1064,1767,2,5,2,504,239000
6,1961,1961,1362,1362,1362,1,6,2,504,163000
6,1986,1986,1606,1651,1651,2,7,2,616,184000
6,1950,2001,1202,2158,2158,2,7,2,576,243000
6,1988,1989,1151,1164,2060,2,8,2,521,211000
5,1958,1958,1052,1252,1920,2,8,2,451,172500
9,2008,2009,2216,2234,2234,2,9,3,1166,501837
5,1923,2006,968,968,968,1,5,2,480,100000
6,2000,2000,756,769,1525,2,5,2,440,177000
7,1920,1950,793,901,1802,1,9,1,216,200100
5,1957,2006,0,1340,1340,1,7,1,252,120000
7,2003,2003,1362,1362,2082,2,6,2,484,200000
5,1908,1991,504,936,1252,1,5,2,576,127000
10,1892,1993,1107,1518,3608,2,12,3,840,475000
7,1990,1991,1188,1217,1217,2,6,2,497,173000
5,1916,1987,660,808,1656,2,8,1,180,135000
5,1979,1979,1086,1224,1224,0,6,2,528,153337
8,2001,2002,1593,1593,1593,1,5,2,682,286000
8,1932,1994,853,1549,2727,2,10,2,440,315000
7,1972,2004,725,725,1479,1,7,2,484,184000
7,1999,1999,1431,1431,1431,2,6,2,666,192000
7,2004,2004,970,970,1709,2,7,2,380,130000
5,1972,1972,864,864,864,1,5,1,352,127000
6,1976,1976,855,855,1456,2,7,2,440,148500
7,2007,2007,1726,1726,1726,2,8,3,786,311872
8,1918,1990,1360,1360,3112,2,8,2,795,235000
6,1912,1950,755,929,2229,1,8,0,0,104000
8,2004,2005,1713,1713,1713,2,7,3,856,274900
4,2003,2004,1121,1121,1121,2,5,2,440,140000
6,1977,1977,1196,1279,1279,2,6,2,473,171500
6,1924,1950,617,865,1310,2,6,1,398,112000
6,2004,2004,848,848,848,1,3,2,420,149000
5,1947,1950,720,720,1284,1,5,1,240,110000
7,1990,1990,1424,1442,1442,2,5,2,500,180500
5,1962,1962,1140,1696,1696,1,8,1,349,143900
4,1960,1960,1100,1100,1100,1,6,1,312,141000
7,1988,1989,1157,1180,2062,2,7,2,454,277000
6,1964,1964,1092,1092,1092,1,6,2,504,145000
5,1925,1950,864,864,864,1,5,0,0,98000
6,2009,2009,1212,1212,1212,2,6,2,460,186000
7,2009,2009,900,932,1852,2,7,2,644,252678
5,1995,1995,990,990,990,1,5,2,576,156000
6,1977,1977,689,689,1392,1,6,1,299,161750
5,1957,1996,1070,1236,1236,1,6,1,447,134450
7,2004,2004,1436,1436,1436,2,8,2,484,210000
4,1925,1950,686,810,1328,1,8,1,210,107000
7,1939,2006,798,1137,1954,1,8,2,431,311500
7,2005,2006,1248,1248,1248,2,5,2,438,167240
7,2006,2006,1498,1498,1498,2,5,2,675,204900
6,2002,2002,1010,1010,2267,2,8,2,390,200000
6,1975,1975,713,811,1552,2,6,2,434,179900
4,1971,1971,864,864,864,1,4,2,576,97000
10,2003,2003,2392,2392,2392,2,8,3,968,386250
5,1971,1971,630,630,1302,2,6,1,280,112000
7,1995,1995,1203,1214,2520,2,9,3,721,290000
6,1970,1970,483,483,987,1,5,1,280,106000
5,1967,1967,912,912,912,1,5,1,336,125000
7,2005,2006,1373,1555,1555,2,7,2,430,192500
6,1959,1959,1194,1194,1194,1,6,1,312,148000
8,1995,1996,1462,1490,2794,2,9,3,810,403000
6,1972,1972,483,483,987,1,5,1,288,94500
5,1976,1976,894,894,894,1,5,1,308,128200
6,2002,2002,860,860,1960,2,8,2,440,216500
6,1971,1971,483,483,987,1,5,1,264,89500
7,2004,2004,1414,1414,1414,2,6,2,494,185500
7,1993,2003,996,1014,1744,2,7,2,457,194500
8,2007,2007,1694,1694,1694,2,7,3,818,318000
6,1945,1950,735,798,1487,1,7,1,220,113000
8,2008,2008,1566,1566,1566,2,7,2,750,262500
5,1945,1997,686,866,866,1,4,0,0,110500
5,1900,1950,540,889,1440,1,6,1,352,79000
6,1980,1980,626,626,1217,1,6,1,288,120000
7,1994,2002,948,1222,2110,2,8,2,463,205000
7,1988,1988,1845,1872,1872,2,6,2,604,241500
6,1910,1950,1020,908,1928,2,9,1,440,137000
6,1954,1954,1367,1375,1375,1,5,2,451,140000
7,2003,2003,840,840,1668,2,8,2,500,180000
6,1958,2006,1444,1444,2144,2,7,2,389,277000
3,1940,1966,728,1306,1306,1,6,0,0,76500
8,2006,2007,1573,1625,1625,2,5,2,538,235000
6,2004,2004,798,798,1640,2,6,2,520,173000
6,1964,1991,1302,1302,1302,2,7,1,309,158000
5,1957,1957,1314,1314,1314,1,5,1,294,145000
7,1999,1999,975,1005,2291,2,8,2,429,230000
6,2003,2003,864,864,1728,2,7,2,673,207500
7,2006,2006,1604,1604,1604,2,8,2,660,220000
7,2001,2001,963,963,1792,2,7,2,564,231500
5,1956,1956,0,882,882,1,4,1,308,97000
6,1962,1962,1362,1382,1382,1,6,2,884,176000
8,2007,2007,1482,1482,2574,2,10,3,868,276000
6,1977,1995,506,1212,1212,1,6,2,492,151000
5,1929,2001,926,926,1316,1,6,2,484,130000
5,1925,2004,680,764,764,1,4,2,504,73000
6,1981,1981,1422,1422,1422,2,7,2,576,175500
6,1997,1997,802,802,1511,2,8,2,413,185000
5,1939,1997,720,1052,2192,2,8,1,240,179500
5,1940,1955,740,778,778,1,4,1,924,120500
6,1976,1976,1143,1113,1113,1,6,1,504,148000
8,2006,2006,1095,1095,1939,2,8,3,1053,266000
7,1954,2005,1385,1363,1363,1,5,2,439,241500
8,1999,2007,1152,1164,2270,2,9,3,671,290000
6,1958,1988,1240,1632,1632,2,6,1,338,139000
5,1982,1982,816,816,816,1,5,1,264,124500
7,1925,2007,952,952,1548,2,5,2,672,205000
7,2003,2003,1560,1560,1560,2,7,2,573,201000
4,1951,1951,864,864,864,1,4,2,400,141000
9,2006,2007,2121,2121,2121,2,8,3,732,415298
7,1977,1977,1160,1156,2022,2,8,2,505,192000
7,1989,1989,807,1175,1982,2,7,2,575,228500
6,2006,2006,1262,1262,1262,2,5,2,572,185000
7,2007,2008,1314,1314,1314,2,6,2,626,207500
8,2008,2009,1468,1468,1468,2,6,3,898,244600
6,1992,1992,1575,1575,1575,2,5,2,529,179200
7,2006,2007,625,625,1250,2,5,2,528,164700
6,1962,1981,912,1085,1734,1,7,2,440,159000
4,1971,1971,858,858,858,1,5,0,0,88000
5,1967,1967,882,900,900,1,5,1,280,122000
6,1915,2003,698,698,1396,1,7,1,384,153575
8,2006,2006,1079,1079,1919,2,8,2,685,233230
5,1912,2000,780,936,1716,2,9,0,0,135900
5,1949,2008,768,1148,1716,1,8,1,281,131000
7,1977,1994,795,1468,2263,2,9,2,539,235000
6,1953,1953,1416,1644,1644,1,7,2,418,167000
6,1984,1984,1003,1003,1003,1,6,2,588,142500
5,1950,1950,910,910,1558,1,6,1,282,152000
7,1997,1998,975,975,1950,2,7,2,576,239000
6,1968,1968,702,1041,1743,1,7,2,539,175000
6,1950,2004,1092,1152,1152,1,6,1,300,158500
5,1953,1953,1165,1336,1336,1,5,1,375,157000
8,1998,1999,1028,1210,2452,2,9,2,683,267000
7,2001,2002,1541,1541,1541,2,6,3,843,205000
5,1972,1972,894,894,894,1,5,2,552,149900
7,1880,2002,1470,1675,3493,3,10,3,870,295000
8,2004,2005,2000,2000,2000,2,8,3,888,305900
7,1990,1991,700,1122,2243,2,8,3,746,225000
6,1920,1950,319,1035,1406,1,6,0,0,89500
4,1940,1950,861,861,861,1,4,2,539,82500
9,2003,2004,1896,1944,1944,2,8,3,708,360000
6,1993,1994,697,697,1501,2,6,2,420,165600
6,1948,2002,972,972,972,1,5,1,240,132000
5,1939,1950,793,793,1118,1,5,2,410,119900
7,1965,1965,2136,2036,2036,2,8,2,513,375000
7,1925,1990,728,832,1641,1,6,2,546,178000
7,2004,2005,716,716,1432,2,6,2,432,188500
7,1980,1980,845,1153,2353,2,10,2,484,260000
8,2006,2006,1088,1088,1959,2,8,3,1025,270000
7,1993,1993,1347,1372,2646,2,9,3,656,260000
7,1980,1980,1372,1472,1472,2,6,2,588,187500
9,2006,2006,1249,1249,2596,3,9,3,840,342643
8,2004,2004,1136,1136,2468,2,10,3,872,354000
7,1986,1987,1502,1553,2730,2,8,2,576,301000
3,1955,2005,1162,1163,1163,1,6,1,220,126175
7,1967,2007,710,1898,2978,2,11,2,564,242000
5,1941,1950,720,803,803,1,5,2,360,87000
8,1993,1993,1719,1719,1719,1,6,2,473,324000
6,1960,1960,1383,1383,1383,1,7,1,292,145250
6,1916,1994,844,1445,2134,2,10,2,441,214500
5,1920,1950,596,596,1192,1,6,1,189,78000
5,1964,1964,1728,1728,1728,2,10,1,352,119000
5,1958,1992,1056,1056,1056,1,6,1,308,139000
8,2003,2004,3206,1629,1629,2,7,3,880,284000
7,2004,2004,1358,1358,1358,2,6,2,484,207000
6,1998,1998,943,943,1638,2,7,2,472,192000
5,1965,1965,1499,1619,1786,2,7,2,529,228950
9,2005,2006,1922,1922,1922,2,8,3,676,377426
7,2002,2003,1536,1536,1536,2,7,2,532,214000
7,1984,1998,1208,1621,1621,2,8,2,440,202500
6,1958,1998,1215,1215,1215,1,6,1,297,155000
8,2002,2002,967,993,1908,2,9,2,431,202900
4,1950,1950,721,841,841,1,4,1,294,82000
3,1949,1950,0,1040,1040,2,6,2,400,87500
9,2005,2005,1684,1684,1684,2,6,2,564,266000
5,1976,1976,536,536,1112,1,4,1,336,85000
6,1939,1950,972,972,1577,1,6,1,312,140200
6,1960,1998,958,958,958,1,5,1,301,151500
6,1960,1960,1478,1478,1478,2,6,2,498,157500
7,2003,2004,764,764,1626,2,6,2,474,154000
9,2005,2006,1848,1848,2728,2,10,3,706,437154
9,2007,2007,1869,1869,1869,2,6,2,617,318061
7,1986,1986,1453,1453,1453,1,6,2,445,190000
5,1941,1950,616,616,1111,1,5,1,200,95000
6,1928,2003,624,720,720,1,5,2,484,105900
6,1940,2000,940,1192,1595,1,6,1,240,140000
6,1995,1995,1200,1200,1200,2,6,2,521,177500
6,1992,1992,1158,1167,1167,2,6,2,400,173000
5,1976,1976,1142,1142,1142,1,6,2,528,134000
5,1958,1958,1062,1352,1352,1,6,1,288,130000
8,1998,1998,1086,1086,1924,2,7,2,592,280000
6,1978,1978,888,912,912,1,5,2,470,156000
5,1940,1982,883,988,1505,1,8,1,240,145000
7,2003,2003,0,495,1922,3,7,2,672,198500
6,1972,2007,483,483,987,1,5,1,264,118000
6,1976,1976,796,790,1574,2,6,2,566,190000
5,1920,1997,672,672,1344,1,6,1,468,147000
6,1963,1963,1394,1394,1394,1,6,2,514,159000
6,1962,1962,1099,1431,1431,1,6,1,296,165000
5,1954,1954,1268,1268,1268,1,7,1,244,132000
5,1959,2006,1063,1287,1287,1,7,2,576,162000
6,2000,2000,953,953,1664,2,7,2,460,172400
4,1959,1959,0,1120,1588,2,7,2,680,134432
6,1984,1984,744,752,752,1,4,1,264,125000
5,1953,1953,608,1319,1319,1,5,1,270,123000
7,2003,2004,847,847,1928,2,8,2,434,219500
1,1922,1950,683,904,904,0,4,0,0,61000
5,1996,1996,870,914,914,1,5,2,576,148000
8,2004,2005,1580,1580,2466,3,8,2,610,340000
9,2010,2010,1856,1856,1856,1,8,3,834,394432
6,2000,2000,982,1007,1800,2,7,2,463,179000
5,1924,1950,1026,1026,1691,2,6,1,308,127000
7,2006,2006,1293,1301,1301,2,5,2,572,187750
7,2006,2006,939,939,1797,2,8,2,639,213500
6,1928,1950,784,784,784,1,5,2,360,76000
6,1992,1992,1580,1079,1953,2,9,2,501,240000
8,2004,2005,1256,1269,1269,2,6,2,430,192000
5,1910,1996,658,658,1184,1,8,0,0,81000
6,1976,1976,1041,1125,1125,1,6,1,352,125000
7,1999,2000,1468,1479,1479,2,6,2,577,191000
10,2007,2008,1682,1742,2332,2,9,3,846,426000
5,1900,1950,861,961,1367,1,7,1,384,119000
6,2001,2002,804,804,1961,2,7,2,560,215000
5,1959,1959,0,882,882,1,5,1,294,106500
4,1941,1950,788,788,788,1,4,0,0,100000
5,1940,1950,735,735,1034,1,5,1,240,109000
5,1956,1956,1144,1144,1144,1,6,1,596,129000
5,1972,1972,894,894,894,1,6,2,600,123000
5,1962,1962,864,876,1812,2,8,1,264,169500
5,1920,1950,961,1077,1077,1,6,1,338,67000
7,2006,2007,1092,1112,1550,2,7,2,438,241000
8,1996,1996,1260,1288,1288,1,4,2,500,245500
7,2005,2005,1310,1310,1310,2,6,2,400,164990
5,1940,1997,672,672,672,1,4,1,240,108000
8,1998,1998,1141,1165,2263,2,10,2,420,258000
6,1995,1996,806,806,1572,2,7,2,373,168000
4,1976,1993,1281,1620,1620,2,8,2,490,150000
6,1936,1950,1064,1166,1639,1,6,1,240,115000
6,1915,1976,840,840,1680,2,8,1,308,177000
7,2006,2006,1063,1071,2172,2,9,3,947,280000
8,2007,2008,1034,1050,2078,2,8,3,836,339750
5,1958,1958,1276,1276,1276,1,5,1,350,60000
5,1955,1955,1056,1056,1056,1,5,2,572,145000
7,2009,2009,1470,1478,1478,2,7,2,484,222000
5,1927,1950,1008,1028,1028,1,5,2,360,115000
7,1993,1993,1080,1080,2097,2,9,3,678,228000
7,2007,2007,1340,1340,1340,2,6,2,396,181134
6,1978,1978,672,672,1400,1,6,2,440,149500
6,1918,1950,1370,1370,2624,2,10,3,864,239000
5,1940,1950,756,756,1134,1,7,1,240,126000
5,1968,1968,1056,1056,1056,1,6,1,304,142000
7,1997,1998,1344,1344,1344,2,8,4,784,206300
6,1977,2000,1602,1602,1602,2,8,2,529,215000
5,1954,1954,988,988,988,1,4,2,520,113000
8,1998,1998,1470,1470,2630,2,8,3,696,315000
6,1956,1956,1196,1196,1196,1,6,1,297,139000
7,1946,1992,651,707,1389,1,6,1,240,135000
7,1989,1989,1518,1644,1644,2,5,2,569,275000
4,1957,1957,907,907,907,1,5,1,352,109008
7,2007,2007,1208,1208,1208,2,6,2,628,195400
6,1988,1988,1392,1412,1412,2,6,2,576,175000
6,1971,1971,483,483,987,1,4,1,264,85400
6,1920,1998,901,1088,1198,1,7,0,0,79900
5,1971,1971,765,765,1365,1,6,2,440,122500
6,1997,1998,926,926,1604,2,7,2,470,181000
4,1972,1972,630,630,630,1,3,0,0,81000
7,1996,1996,799,827,1661,2,6,2,550,212000
6,1920,1950,648,734,1118,1,6,2,440,116000
6,1926,2004,884,904,904,1,4,1,180,119000
5,1913,2002,440,694,694,1,4,1,352,90350
6,1920,2000,684,684,1196,1,7,2,528,110000
10,2008,2008,3094,2402,2402,2,10,3,672,555000
4,1955,1955,1440,1440,1440,2,8,0,0,118000
5,1930,1992,1078,1128,1573,2,8,2,360,162900
7,2006,2007,1258,1258,1258,2,6,3,648,172500
7,1994,1995,915,933,1908,2,8,2,493,210000
6,1956,1956,1436,1689,1689,1,7,2,480,127500
6,1966,2002,1517,1888,1888,2,6,2,578,190000
7,1998,1999,930,956,1886,2,10,2,431,199900
6,1937,1950,780,780,1376,2,7,1,198,119500
3,1948,2002,649,679,1183,1,6,1,308,120000
6,1930,2005,813,813,813,1,5,1,270,110000
7,1975,1975,1533,1533,1533,2,5,2,576,280000
6,1996,1997,872,888,1756,2,7,2,422,204000
8,2008,2008,768,786,1590,2,6,2,676,210000
5,1976,1976,1728,1728,1728,2,8,2,560,188000
7,1973,1973,1242,1242,1242,1,6,2,528,175500
5,1916,1950,624,624,1344,1,7,3,513,98000
4,1954,1994,1364,1663,1663,1,6,2,529,256000
8,1925,1996,588,833,1666,1,7,1,228,161000
5,1950,1950,709,979,1203,1,5,1,352,110000
8,2009,2009,832,832,1935,2,8,2,552,263435
7,1936,2007,560,575,1135,1,6,2,576,155000
5,1965,1965,864,864,864,1,5,1,360,62383
6,1934,1995,715,849,1660,1,6,1,240,188700
5,1978,1978,1040,1040,1040,2,5,0,0,124000
7,2004,2004,1375,1414,1414,2,6,2,398,178740
7,1970,1970,1277,1277,1277,1,5,2,526,167000
5,1942,1995,728,888,1644,1,7,1,312,146500
8,2006,2006,1626,1634,1634,2,7,3,866,250000
6,1993,1993,832,832,1710,2,7,2,506,187000
8,1985,1985,1488,1502,1502,1,4,2,528,212000
7,1977,1977,808,1161,1969,2,8,2,534,190000
6,2005,2005,547,1072,1072,1,5,2,525,148000
8,2006,2007,1976,1976,1976,2,7,3,908,440000
8,2000,2000,1494,1652,1652,2,6,2,499,251000
5,1963,1963,970,970,970,1,5,2,624,132500
6,1997,1998,1478,1493,1493,2,7,2,508,208900
9,2006,2006,2153,2069,2643,2,9,3,694,380000
8,2007,2008,1705,1718,1718,2,7,3,826,297000
4,1937,2000,907,1131,1131,1,7,2,672,89471
9,2004,2005,1833,1850,1850,2,8,3,772,326000
9,2003,2004,1792,1792,1792,2,6,3,874,374000
7,1915,2005,910,916,1826,1,7,1,164,155000
6,1998,1998,1216,1216,1216,2,5,2,402,164000
5,1962,2001,999,999,999,1,6,1,264,132500
5,1950,2007,1113,1113,1113,1,5,1,264,147000
5,1965,1965,1073,1073,1073,1,6,2,515,156000
5,1971,1971,1484,1484,1484,2,7,2,487,175000
5,1900,1970,954,1766,2414,2,10,2,520,160000
4,1970,2002,630,630,630,1,3,1,286,86000
5,1976,1976,264,616,1304,1,4,1,336,115000
6,1941,1950,806,958,1578,1,5,1,240,133000
6,2006,2006,728,728,1456,2,8,2,429,172785
5,1960,1960,1269,1269,1269,1,6,1,308,155000
5,1938,1996,190,886,886,1,4,1,273,91300
4,1920,1950,720,720,720,1,4,0,0,34900
8,1992,1993,3200,3228,3228,3,10,2,546,430000
7,1925,1950,1026,1133,1820,2,8,1,240,184000
5,1967,2004,864,899,899,1,5,1,288,130000
5,1958,1985,912,912,912,1,5,1,297,120000
6,1973,1973,672,672,1218,1,7,1,264,113000
7,2005,2005,866,866,1768,2,7,2,603,226700
5,1965,1965,1214,1214,1214,1,6,2,461,140000
7,1959,1997,1501,1801,1801,2,6,2,484,289000
6,1974,1974,855,855,1322,2,6,2,440,147000
5,1952,1952,960,960,1960,2,10,2,400,124500
8,1993,1994,777,1065,1911,2,8,2,471,215000
6,2009,2009,1218,1218,1218,2,4,2,676,208300
7,1928,2005,689,689,1378,2,7,2,360,161000
5,1959,1959,1041,1041,1041,1,6,1,270,124500
5,1951,2000,1008,1363,1363,1,6,1,288,164900
7,2005,2006,1368,1368,1368,2,6,2,474,202665
5,1958,1958,864,864,864,1,5,2,624,129900
6,1983,1983,1084,1080,1080,1,5,2,484,134000
5,1926,1950,768,789,789,1,5,1,200,96500
10,2009,2009,2006,2020,2020,2,9,3,900,402861
6,1972,1972,689,1378,2119,2,7,2,583,158000
7,1996,1997,1264,1277,2344,2,7,3,889,265000
6,1998,1998,794,882,1796,2,7,2,546,211000
7,1926,2004,1276,1276,2080,1,9,1,282,234000
4,1900,2000,0,694,1294,2,7,0,0,106250
6,1957,1957,1244,1244,1244,1,6,1,336,150000
6,1947,1950,1004,1004,1664,2,7,2,420,159000
10,2007,2008,3138,3138,4676,3,11,3,884,184750
7,1996,1997,1379,1383,2398,2,8,3,834,315750
7,2005,2005,1257,1266,1266,2,6,2,453,176000
5,1956,2000,928,928,928,1,4,1,252,132000
9,2008,2008,1452,1476,2713,2,11,3,858,446261
4,1920,2002,528,605,605,1,5,0,0,86000
6,1957,1975,2035,2515,2515,3,9,2,484,200624
6,1988,1989,1461,1509,1509,2,5,2,600,175000
6,1920,1999,611,751,1362,2,6,2,502,128000
5,1955,2007,0,827,827,1,5,1,392,107500
1,1946,1950,0,334,334,1,2,0,0,39300
8,2004,2004,707,707,1414,2,6,2,403,178000
5,1910,1991,1117,820,1347,1,5,0,0,107500
7,1998,1999,880,880,1724,2,8,2,527,188000
4,1972,1972,864,864,864,1,5,2,576,111250
5,1968,1968,1051,1159,1159,1,7,1,336,158000
8,2001,2002,1581,1601,1601,2,6,2,670,272000
9,2006,2006,1838,1838,1838,2,8,3,765,315000
8,2000,2000,969,997,2285,2,8,3,648,248000
7,1998,1999,1650,1680,1680,2,7,2,583,213250
7,1998,1998,723,767,767,1,4,1,367,133000
7,2006,2006,654,664,1496,2,7,2,426,179665
7,1988,1988,1204,1377,2183,2,9,3,786,229000
6,1923,1950,1065,915,1635,1,6,2,440,210000
5,1970,1970,768,768,768,1,5,2,624,129500
5,1955,1995,825,825,825,1,4,2,720,125000
7,2003,2004,912,912,2094,2,8,2,615,263000
6,1977,1977,1069,1069,1069,2,4,2,440,140000
5,1957,1957,928,928,928,1,5,1,288,112500
8,2006,2006,1709,1717,1717,2,7,3,908,255500
4,1949,2003,0,1126,1126,2,5,2,520,108000
7,2003,2004,998,1006,2046,2,8,3,871,284000
5,1922,1950,993,1048,1048,1,5,1,280,113000
5,1957,1957,1092,1092,1092,1,6,1,299,141000
4,1920,1950,637,897,1336,1,7,1,570,108000
7,1996,1997,729,729,1446,2,6,2,406,175000
7,2003,2004,1374,1557,1557,2,7,2,420,234000
5,1957,1996,1392,1392,1392,1,5,2,528,121500
5,1974,1975,1389,1389,1389,1,6,2,418,170000
5,1940,1969,996,996,996,1,6,0,0,108000
6,1918,1950,1163,1163,1674,2,8,2,396,185000
7,1992,2000,1095,1166,2295,2,9,2,590,268000
6,1915,1950,806,841,1647,1,6,1,216,128000
9,2005,2007,1122,1134,2504,2,11,3,656,325000
7,2004,2004,1517,1535,1535,2,7,2,532,214000
8,1983,2009,1496,1496,2132,1,5,2,612,316600
5,1979,1979,943,943,943,1,4,2,600,135960
5,1965,1965,1728,1728,1728,2,10,2,576,142600
6,1959,1959,864,864,864,1,4,1,288,120000
7,2009,2009,846,846,1692,2,6,2,650,224500
7,2000,2000,384,774,1430,2,8,2,400,170000
5,1971,2005,372,576,1109,1,5,1,288,139000
5,1947,1950,832,832,1216,1,6,1,336,118500
7,1928,1950,861,877,1477,2,6,1,216,145000
5,1966,1966,1164,1320,1320,1,6,2,564,164500
7,2007,2007,689,703,1392,2,5,2,540,146000
5,1954,1954,1050,1050,1795,2,7,1,352,131500
6,1960,1987,1144,1429,1429,1,7,2,572,181900
8,2008,2009,2042,2042,2042,2,8,3,1390,253293
6,1990,1990,816,816,816,1,5,0,0,118500
10,1893,2000,1237,1521,2775,3,9,2,880,325000
4,1935,1995,884,989,1573,1,6,1,240,133000
8,2005,2006,1868,2028,2028,2,7,3,880,369900
6,1918,2000,816,838,838,1,5,1,275,130000
5,1982,1982,840,860,860,1,4,2,528,137000
5,1968,2003,1437,1473,1473,1,5,1,452,143000
5,1930,1960,742,779,935,1,4,1,308,79500
7,2004,2004,770,770,1582,2,6,2,520,185900
10,2008,2008,1722,1728,2296,2,10,3,842,451950
5,1982,2003,816,816,816,1,4,2,816,138000
6,2003,2003,848,848,848,1,4,2,420,140000
5,1975,1975,924,924,924,1,5,1,280,110000
8,2005,2006,1814,1826,1826,2,7,3,758,319000
6,1910,1993,684,684,1368,1,7,1,216,114504
7,2006,2007,1258,1402,1402,0,7,3,648,194201
5,1977,1977,1430,1647,1647,2,7,2,621,217500
6,1980,1980,716,716,1556,2,6,2,452,151000
8,2005,2005,1058,1058,1904,2,8,2,736,275000
6,1937,1950,780,780,1375,1,6,1,544,141000
8,1992,1992,908,927,1915,2,8,2,506,220000
7,2004,2005,600,600,1200,2,4,2,480,151000
7,2002,2002,1494,1494,1494,2,6,2,530,221000
7,1965,1990,768,1186,1986,2,7,2,486,205000
5,1996,1996,1040,1040,1040,1,6,2,576,152000
5,1948,2002,896,1112,2008,3,8,1,230,225000
8,1934,1998,965,1940,3194,2,10,2,380,359100
4,1961,1961,1029,1029,1029,1,5,1,261,118500
9,2000,2000,1440,1476,2153,2,8,3,736,313000
6,1978,1978,1032,1032,1032,2,6,2,564,148000
8,2001,2001,1299,1299,1872,2,7,2,531,261500
5,2007,2007,1120,1120,1120,1,6,0,0,147000
4,1972,1972,630,630,630,1,3,0,0,75500
6,1963,1963,936,1054,1054,1,6,2,480,137500
6,2002,2003,783,807,1509,2,7,2,393,183200
6,1954,1954,832,832,832,1,4,2,528,105500
9,2007,2007,1822,1828,1828,2,9,3,774,314813
8,2003,2003,1482,1482,2262,2,10,3,749,305000
3,1914,1950,864,864,864,1,5,0,0,67000
6,1974,1997,1522,1548,2614,2,9,2,624,240000
5,1977,1977,980,980,980,1,6,2,484,135000
6,2000,2000,756,756,1512,2,4,2,440,168500
6,1972,1972,732,1012,1790,1,8,2,484,165150
6,1962,1962,1116,1116,1116,1,5,2,440,160000
5,1960,1978,978,1422,1422,1,6,1,286,139900
6,1955,1972,1156,1520,1520,1,7,1,364,153000
5,1969,1969,1040,1040,2080,1,9,2,504,135000
6,1964,1964,1248,1350,1350,1,6,2,520,168500
5,1880,1991,636,1089,1750,1,8,1,240,124000
8,2006,2006,1554,1554,1554,2,6,2,627,209500
7,1977,1977,1386,1411,1411,2,6,2,544,82500
5,1954,2005,1056,1056,1056,1,6,1,260,139400
6,1980,1980,1056,1056,1056,0,4,2,576,144000
6,1914,1995,1440,1440,3395,2,14,0,0,200000
2,1936,1950,264,800,800,1,4,0,0,60000
5,1954,1954,811,811,1387,2,7,1,256,93000
5,1910,1950,796,796,796,1,4,0,0,85000
8,2006,2006,1520,1567,1567,2,7,3,648,264561
8,2003,2004,1518,1518,1518,1,6,2,588,274000
7,2001,2001,1057,1057,1929,2,7,2,650,226000
8,1972,1995,1952,2000,2704,2,9,2,538,345000
5,1969,1969,780,780,1620,2,7,2,462,152000
9,2009,2009,1766,1766,1766,2,7,3,478,370878
6,1971,1971,981,981,981,1,5,2,576,143250
5,1950,1950,0,1048,1048,1,7,2,420,98300
6,1953,1953,1094,1094,1094,1,5,2,495,155000
6,1966,1966,756,1051,1839,1,7,2,442,155000
4,1970,1970,630,630,630,1,3,0,0,84500
7,2007,2007,813,822,1665,2,7,2,562,205950
4,1940,1950,755,755,1510,1,7,1,296,108000
7,1996,1996,880,909,1716,2,7,2,512,191000
6,1906,1995,756,756,1469,1,7,1,216,135000
8,1995,1995,2109,2113,2113,2,7,3,839,350000
6,1971,1971,525,525,1092,1,6,1,264,88000
5,1959,2006,1053,1053,1053,1,5,1,312,145500
7,1931,2000,776,851,1502,1,6,1,270,149000
6,1948,1950,912,912,1458,1,6,1,330,97500
5,1964,1999,1486,1486,1486,1,7,2,480,167000
7,1976,1976,793,1142,1935,2,7,2,550,197900
8,1994,2005,1629,1686,2448,2,8,3,711,402000
6,1968,1968,1392,1392,1392,1,5,2,576,110000
4,1972,1972,1138,1181,1181,2,6,2,588,137500
8,2005,2006,2077,2097,2097,1,8,3,1134,423000
8,2000,2000,1406,1454,1936,2,7,2,504,230500
6,1965,1979,1021,1465,2380,2,7,2,596,129000
6,1994,1998,1408,1679,1679,2,7,2,575,193500
5,1956,1987,1188,1437,1437,1,6,2,576,168000
4,1922,1950,700,1180,1180,1,5,1,252,137500
6,2005,2005,738,738,1476,2,7,2,540,173500
6,1925,1950,672,697,1369,2,6,1,300,103600
6,1977,1977,1208,1208,1208,1,6,2,546,165000
6,1957,2004,1477,1839,1839,2,7,2,416,257500
6,1965,1965,1136,1136,1136,1,5,1,384,140000
6,1978,1978,855,855,1441,2,7,2,440,148500
4,1900,1950,1095,1095,1774,2,8,3,779,87000
5,1924,2006,768,792,792,1,5,1,240,109500
8,2008,2008,2046,2046,2046,2,7,3,834,372500
5,1961,1961,988,988,988,1,5,2,572,128500
6,1980,1980,923,923,923,2,5,1,264,143000
5,1932,2000,793,848,1520,1,6,1,281,159434
6,1996,1997,1291,1291,1291,1,6,2,431,173000
9,2002,2002,1626,1668,1668,2,7,3,702,285000
7,1998,1998,1195,1195,1839,2,7,2,486,221000
7,1984,1984,1190,1190,2090,2,6,2,577,207500
7,2007,2007,874,874,1761,3,7,2,578,227875
7,2004,2004,551,551,1102,2,4,2,480,148800
8,2007,2007,1419,1419,1419,2,7,2,567,392000
6,2005,2006,1362,1362,1362,2,6,2,460,194700
6,2004,2004,848,848,848,1,3,2,420,141000
10,1994,1995,2444,2444,4316,3,10,3,832,755000
7,1989,1990,1210,1238,2519,2,9,2,628,335000
5,1921,1968,1073,1073,1073,1,4,1,326,108480
5,1936,1950,927,1067,1539,1,5,2,576,141500
6,1987,1987,1112,1137,1137,2,5,2,551,176000
5,1921,1950,616,616,616,1,4,1,205,89000
5,1952,1952,980,1148,1148,1,6,1,308,123500
5,1965,2009,894,894,894,1,5,1,336,138500
7,2004,2004,1391,1391,1391,2,5,2,530,196000
8,2002,2002,1800,1800,1800,2,7,3,765,312500
7,1969,1969,1164,1164,1164,1,6,2,528,140000
8,2006,2006,1234,1264,2576,2,10,3,666,361919
5,1900,1996,360,1032,1812,2,8,2,672,140000
7,2004,2005,1473,1484,1484,2,7,2,606,213000
4,1930,1950,0,372,1092,2,7,0,0,55000
7,1971,2002,1643,1824,1824,2,5,2,739,302000
8,2006,2006,1324,1324,1324,2,6,2,550,254000
7,2007,2007,728,728,1456,2,8,2,400,179540
5,1966,1966,876,904,904,1,6,1,408,109900
3,1935,2003,270,729,729,1,5,0,0,52000
4,1900,1950,859,859,1178,1,7,1,384,102776
8,1988,1989,1228,1228,1228,2,5,2,472,189000
4,1970,1970,960,960,960,1,6,2,576,129000
6,1976,2005,725,725,1479,2,6,2,475,130500
6,1974,1974,1064,1350,1350,2,7,2,478,165000
7,1890,1998,718,1576,2554,1,8,2,704,159500
5,1973,2000,1176,1178,1178,1,5,2,439,157000
7,1993,1994,1311,1325,2418,2,9,3,983,341000
5,1969,1969,971,971,971,1,5,1,300,128500
8,1985,1985,1742,1742,1742,2,5,2,564,275000
6,2004,2004,848,848,848,1,3,2,420,143000
4,1970,1970,864,864,864,1,5,2,463,124500
4,1954,1972,941,997,1470,2,7,1,548,135000
9,2007,2008,1698,1698,1698,2,8,3,768,320000
4,1970,1970,864,864,864,1,5,2,660,120500
6,1988,2007,880,1680,1680,2,5,2,540,222000
7,2007,2007,1232,1232,1232,2,6,2,632,194500
5,1958,1958,1584,1776,1776,2,9,3,888,110000
4,1925,1950,780,848,1208,1,5,2,539,103000
8,1995,1996,1595,1616,1616,2,5,2,608,236500
7,2003,2003,868,1146,1146,2,6,2,438,187500
7,1998,1999,1153,1153,2031,2,8,2,541,222500
5,1961,1983,864,1144,1144,1,6,1,264,131400
5,1968,1968,948,948,948,1,6,1,300,108000
7,1914,1970,880,880,1768,1,6,2,320,163000
3,1950,1950,0,1040,1040,2,6,2,400,93500
8,2005,2005,893,901,1801,2,8,3,800,239900
5,1987,1988,1200,1200,1200,3,5,0,0,179000
7,2004,2004,864,864,1728,2,7,2,572,190000
5,1910,2002,264,768,1432,2,7,2,360,132000
6,1961,1996,912,912,912,1,5,1,288,142000
7,2000,2001,1349,1349,1349,2,6,2,539,179000
5,1963,1999,520,1464,1464,2,6,2,480,175000
8,1993,1993,1337,1337,1337,2,5,2,462,180000
8,1976,1996,1142,1175,2715,3,11,2,831,299800
7,2000,2000,952,980,2256,2,8,2,554,236000
7,1880,2003,1240,1320,2640,1,8,4,864,265979
7,1996,1996,1720,1720,1720,2,7,2,527,260400
4,1945,1950,0,1088,1529,2,9,1,240,98000
4,1910,2004,576,792,1140,1,7,0,0,96500
7,2003,2003,660,660,1320,2,6,2,400,162000
6,1997,1997,1479,1494,1494,2,6,2,576,217000
8,2005,2005,1030,1038,2098,2,8,3,878,275500
6,1969,2005,1026,1026,1026,1,5,2,440,156000
6,1999,1999,729,742,1471,2,6,2,440,172500
8,2007,2007,866,866,1768,2,7,2,578,212000
6,1978,1978,672,672,1386,2,6,2,440,158900
7,1999,1999,744,757,1501,2,6,2,440,179400
8,1995,1995,1318,1328,2531,2,9,3,752,290000
6,1959,1959,864,864,864,1,5,1,300,127500
5,1924,1950,1145,1301,1301,1,5,2,440,100000
7,2009,2009,756,764,1547,2,7,2,614,215200
8,1999,1999,1252,1268,2365,2,8,3,856,337000
8,1995,1996,1494,1494,1494,1,6,2,481,270000
9,2008,2008,1498,1506,1506,2,6,2,592,264132
7,1988,1988,980,980,1714,2,7,2,496,196500
6,1940,1985,983,983,1750,2,7,1,423,160000
7,2004,2005,1860,1836,1836,2,8,2,484,216837
8,2003,2003,1650,1690,3279,3,12,3,841,538000
5,1982,1982,858,858,858,1,5,2,576,134900
4,1951,1951,836,1220,1220,1,6,2,396,102000
6,1976,1976,1029,1117,1117,1,6,2,672,107000
5,1958,1958,912,912,912,1,5,1,275,114500
8,2006,2006,1935,1973,1973,2,9,3,895,395000
6,1998,1998,1204,1204,1204,2,5,2,412,162000
7,2005,2006,1614,1614,1614,2,7,3,865,221500
5,1974,1974,864,894,894,1,5,2,440,142500
5,1977,1977,0,2020,2020,2,10,2,630,144000
6,1977,1977,975,1004,1004,1,4,2,504,135000
7,1995,1996,1237,1253,1253,2,6,2,402,176000
6,1992,1992,761,810,1603,2,7,2,484,175900
7,2001,2002,1413,1430,1430,2,6,2,605,187100
5,1978,1978,1097,1110,1110,1,4,2,602,165500
6,1914,2001,742,742,1484,2,9,0,0,128000
6,1967,1967,1372,1342,1342,2,7,2,457,161500
5,1915,1950,686,966,1652,2,7,1,416,139000
7,2004,2004,956,956,2084,2,8,2,618,233000
4,1954,2000,901,901,901,1,4,1,281,107900
6,1966,2007,832,976,2087,2,9,2,444,187500
7,2005,2006,1145,1145,1145,2,5,2,397,160200
6,1976,1976,1029,1062,1062,1,5,2,539,146800
7,1996,1997,1117,1127,2013,2,8,2,455,269790
8,2007,2007,1496,1496,1496,2,7,2,474,225000
7,1994,1996,712,1086,1895,2,7,2,409,194500
6,1980,1981,650,888,1564,2,7,2,476,171000
6,1977,1977,660,1285,1285,1,7,2,528,143500
5,1953,1953,773,773,773,1,4,1,240,110000
9,2008,2009,1926,1966,3140,3,11,3,820,485000
5,1937,1950,731,981,1768,1,7,1,240,175000
6,1997,1997,616,616,1688,2,8,2,603,200000
4,1916,1990,1196,1196,1196,1,5,2,440,109900
7,2005,2005,728,728,1456,2,7,2,410,189000
9,2008,2009,1734,1734,2822,3,12,3,1020,582933
5,1954,1954,936,1128,1128,1,5,1,286,118000
7,2008,2008,1417,1428,1428,2,6,2,554,227680
5,1967,1967,980,980,980,2,6,1,384,135500
5,1923,2004,1324,1072,1576,1,6,2,528,223500
5,1966,1966,1024,1086,1086,1,6,2,484,159950
5,1898,1965,849,1075,2138,2,11,2,360,106000
6,1974,1999,1040,1309,1309,1,5,2,484,181000
6,2004,2004,848,848,848,1,4,2,420,144500
5,1952,1952,540,1044,1044,1,4,2,504,55993
6,1958,1958,1442,1442,1442,1,7,1,301,157900
5,1918,1950,686,686,1250,1,7,1,280,116000
7,1998,1998,1649,1661,1661,2,6,2,598,224900
5,1954,1954,1008,1008,1008,1,4,1,275,137000
8,2002,2002,1568,1689,1689,2,7,3,857,271000
6,1971,1971,1010,1052,1052,1,6,2,440,155000
7,2009,2010,1358,1358,1358,2,6,2,484,224000
7,2003,2003,798,798,1640,2,6,2,595,183000
4,1953,1953,936,936,936,1,4,2,576,93000
7,2003,2003,847,847,1733,2,7,2,433,225000
6,1940,1950,778,944,1489,2,7,1,240,139500
8,2006,2006,1489,1489,1489,2,7,2,776,232600
10,2007,2008,2078,2084,2084,2,7,3,1220,385000
5,1924,1950,784,784,784,1,5,0,0,109500
7,2001,2001,1454,1434,1434,2,6,2,527,189000
5,1967,1967,1013,1160,2126,2,7,2,538,185000
7,2005,2005,600,520,1223,2,4,2,480,147400
6,1957,1957,1392,1392,1392,1,6,2,458,166000
7,2005,2005,600,520,1200,2,4,2,480,151000
7,2003,2003,941,941,1829,2,7,2,613,237000
6,1964,1964,1516,1516,1516,1,6,2,472,167000
5,1961,1961,1144,1144,1144,1,6,2,456,139950
4,1950,1995,1067,1067,1067,2,4,2,436,128000
5,1948,1973,1559,1559,1559,1,5,2,812,153500
6,1973,1973,483,483,987,1,5,1,264,100000
5,1995,2006,1099,1099,1099,1,6,1,352,144000
5,1946,1995,768,768,1200,1,6,1,240,130500
6,1925,1950,672,810,1482,2,7,1,400,140000
5,1904,2002,650,958,1539,2,8,2,686,157500
6,1966,1966,1127,1165,1165,1,6,2,490,174900
5,1961,1961,1800,1800,1800,2,10,0,0,141000
5,1915,1950,876,876,1416,1,7,3,720,153900
5,1975,1981,1390,1701,1701,2,6,2,611,171000
7,1993,1993,740,1006,1775,2,7,2,425,213000
5,1972,1972,864,864,864,1,5,1,338,133500
6,1908,1997,907,1307,2358,3,10,2,360,240000
6,1976,1994,528,1094,1855,2,7,2,512,187000
6,2003,2003,848,848,848,1,3,2,420,131500
8,2003,2003,1273,1456,1456,2,7,2,400,215000
7,1941,1950,918,918,1646,2,7,1,240,164000
6,1964,1964,1127,1445,1445,1,7,2,645,158000
5,1955,1974,1763,1779,1779,1,6,2,454,170000
5,1962,2010,1040,1040,1040,1,6,1,260,127000
6,1978,1978,940,1026,1026,1,5,2,576,147000
6,1994,1995,702,702,1481,2,6,2,343,174000
7,1976,1976,1090,1370,1370,2,6,2,479,152000
6,1968,1984,1054,1512,2654,2,9,2,619,250000
7,1918,1998,912,912,1426,1,7,1,216,189950
5,1965,1965,1039,1039,1039,1,6,2,504,131500
6,1984,1985,1040,1097,1097,2,6,2,480,152000
5,1959,1959,1148,1148,1148,1,6,1,672,132500
7,2007,2008,1372,1372,1372,2,6,2,529,250580
5,1970,1970,1002,1002,1002,1,5,2,902,148500
8,2006,2007,1638,1646,1646,2,6,3,870,248900
4,1961,1961,1040,1120,1120,1,5,2,544,129000
5,1948,1950,0,1547,2320,2,7,2,672,169000
7,1993,1994,1050,1062,1949,2,8,2,574,236000
5,1962,1962,894,894,894,1,5,1,308,109500
6,1998,1998,804,804,1682,2,7,2,523,200500
5,1953,1996,105,910,910,1,5,2,414,116000
5,1949,1950,832,1036,1268,1,6,1,288,133000
5,1941,1950,676,676,1131,1,5,1,200,66500
8,2007,2007,1184,1184,2610,2,11,2,550,303477
4,1963,1963,1064,1040,1040,1,5,2,648,132250
9,2004,2005,1462,1462,2224,2,10,3,738,350000
5,1961,1995,1109,1155,1155,1,6,2,576,148000
5,1978,2005,864,864,864,1,6,1,336,136500
5,2005,2006,1090,1090,1090,1,5,2,450,157000
7,1990,1991,1156,1187,1717,2,7,2,400,187500
6,1992,1993,808,808,1593,2,7,2,389,178000
4,1912,1950,795,954,2230,1,10,1,440,118500
5,1967,1967,892,892,892,1,5,1,288,100000
9,1999,2000,1698,1709,1709,2,5,2,506,328900
5,1959,2005,1626,1712,1712,2,8,2,588,145000
5,1955,1955,816,872,1393,1,8,1,300,135500
8,1970,1970,2217,2217,2217,2,8,2,621,268000
6,1953,1953,1505,1505,1505,1,6,2,505,149500
5,1949,2006,672,672,924,1,6,2,576,122900
6,1978,1978,918,918,1683,2,7,2,440,172500
6,1963,2003,1059,1068,1068,1,6,1,264,154500
5,1954,1954,1383,1383,1383,1,6,1,354,165000
5,1979,1979,0,1535,1535,2,8,2,400,118858
6,1963,1963,780,983,1796,1,8,2,483,140000
4,1936,1950,951,951,951,1,6,1,327,106500
5,1979,1979,0,1120,2240,2,12,2,528,142953
9,2009,2010,2330,2364,2364,2,11,3,820,611657
5,1961,1994,912,1236,1236,1,6,1,288,135000
4,1971,1971,858,858,858,1,4,1,684,110000
5,1957,2000,992,1306,1306,1,5,1,756,153000
7,2003,2003,783,807,1509,2,8,2,393,180000
7,2006,2006,1670,1670,1670,2,7,3,690,240000
5,1967,1967,876,902,902,1,6,1,288,125500
5,1954,1954,1056,1063,1063,1,6,1,280,128000
8,2006,2006,1623,1636,1636,2,8,3,865,255000
7,1936,1987,1017,1020,2057,1,6,1,180,250000
5,1983,1983,864,902,902,1,5,2,484,131000
6,2005,2005,742,742,1484,2,8,2,390,174000
5,1960,1960,1105,1105,2274,2,12,2,480,154300
5,1977,1989,1268,1268,1268,1,5,1,252,143500
5,1925,1950,768,1015,1015,1,6,1,450,88000
5,1949,1950,1001,1001,2002,2,8,3,871,145000
6,2009,2009,612,612,1224,2,4,2,528,173733
4,1970,1970,546,546,1092,1,6,1,286,75000
2,1949,1950,480,480,480,0,4,1,308,35311
4,1956,1956,1134,1229,1229,1,6,1,284,135000
7,1991,1991,1104,912,2127,2,8,3,833,238000
6,1958,2002,1184,1414,1414,1,6,2,601,176500
6,1994,1994,928,936,1721,2,7,2,471,201000
5,1900,2003,1272,1272,2200,2,9,0,0,145900
6,2005,2006,1316,1316,1316,2,6,2,397,169990
6,1993,1994,1604,1617,1617,2,5,2,533,193000
6,1980,1980,1686,1686,1686,2,7,2,612,207500
5,1977,1977,1126,1126,1126,2,6,2,540,175000
8,2003,2004,1181,1234,2374,2,10,3,656,285000
7,1968,1968,832,1098,1978,2,9,2,486,176000
8,2001,2001,1753,1788,1788,2,7,2,522,236500
7,1997,1997,964,993,2236,2,8,2,642,222000
8,2007,2007,1466,1466,1466,2,7,3,610,201000
5,1965,1965,925,925,925,1,5,1,429,117500
9,2006,2006,1905,1905,1905,2,8,3,788,320000
7,2004,2004,1500,1500,1500,2,6,2,570,190000
7,1960,2007,585,2069,2069,2,9,2,505,242000
4,1926,1953,600,747,747,1,5,2,528,79900
7,2003,2003,1176,1200,1200,2,5,2,555,184900
7,2005,2005,1113,1113,1971,2,8,2,689,253000
7,2006,2006,1391,1391,1962,2,7,3,868,239799
7,1940,1950,1032,1207,2403,2,10,1,349,244400
6,1976,1976,1728,1728,1728,2,8,2,574,150900
7,1999,1999,992,1022,2060,2,8,2,390,214000
4,1977,1977,1440,1440,1440,2,8,0,0,150000
5,1967,1967,1632,1632,1632,2,8,2,576,143000
6,1958,1958,819,1344,1344,1,7,2,525,137500
5,1890,1996,1088,1188,1869,1,7,2,456,124900
5,1959,1959,1144,1144,1144,1,6,1,796,143000
8,2002,2003,1616,1629,1629,2,9,3,808,270000
7,2002,2002,936,936,1776,2,7,2,474,192500
6,1972,2006,1161,1381,1381,1,5,2,676,197500
5,1950,2002,864,864,864,1,5,2,720,129000
5,1965,1965,828,965,965,1,6,1,300,119900
5,1972,2003,768,768,768,1,5,1,396,133900
5,1969,1969,784,1168,1968,2,7,2,530,172000
6,1975,1975,945,980,980,2,4,0,0,127500
6,1946,1950,979,979,1958,2,8,2,492,145000
6,1980,1980,561,561,1229,1,5,2,462,124000
5,1962,1962,1057,1057,1057,1,6,2,576,132000
7,2003,2003,1337,1337,1337,2,6,2,531,185000
7,1999,1999,696,696,1416,2,6,2,484,155000
5,1958,2008,858,858,858,1,4,0,0,116500
6,1977,1995,1330,1542,2872,2,11,2,619,272000
6,1976,1976,804,804,1548,2,7,2,440,155000
9,2007,2007,1800,1800,1800,2,7,2,702,239000
7,2002,2003,817,824,1894,2,8,2,510,214900
6,2005,2007,783,783,1484,2,8,2,393,178900
5,1940,1950,728,976,1308,1,7,1,256,160000
5,1955,1955,1098,1098,1098,1,6,1,260,135000
3,1910,1950,600,600,968,1,6,0,0,37900
6,1958,1958,588,1095,1095,1,6,1,264,140000
4,1949,1950,720,720,1192,1,6,0,0,135000
7,2003,2004,764,764,1626,2,6,2,474,173000
6,1979,1979,918,918,918,2,5,1,264,99500
7,2007,2008,1428,1428,1428,2,6,2,480,182000
7,1910,1993,728,1136,2019,1,8,2,532,167500
7,2000,2000,673,673,1382,2,6,2,490,165000
4,1923,1958,440,869,869,1,4,0,0,85500
7,2006,2007,1241,1241,1241,1,4,2,569,199900
4,1954,1954,894,894,894,1,5,2,400,110000
5,1963,1963,1121,1121,1121,1,5,2,480,139000
7,1961,2007,944,999,999,1,6,2,588,178400
8,1998,1999,1225,1276,2612,2,8,3,676,336000
7,2007,2007,1266,1266,1266,2,6,2,388,159895
8,2002,2002,1128,1149,2290,2,9,2,779,255900
5,1977,1977,0,1302,1734,2,8,2,539,126000
5,1950,1950,1164,1164,1164,1,5,1,240,125000
6,1910,2003,485,1001,1635,1,5,1,255,117000
9,2009,2010,1930,1940,1940,2,8,3,606,395192
6,1976,1976,848,1118,2030,2,8,2,551,195000
7,2006,2006,770,778,1576,2,6,2,614,197000
8,1997,1998,1396,1407,2392,2,7,3,870,348000
8,1882,1986,916,916,1742,1,8,2,424,168000
6,1964,1993,822,1020,1851,2,7,2,440,187000
6,2005,2006,750,750,1500,2,6,2,564,173900
10,2006,2007,1700,1718,1718,2,7,3,786,337500
4,1946,1950,747,774,1230,1,5,1,305,121600
5,1961,1961,1050,1050,1050,1,6,1,368,136500
6,1970,1970,1442,1442,1442,2,6,2,615,185000
3,1922,1950,1007,1077,1077,1,6,1,210,91000
7,2006,2006,1187,1208,1208,2,6,2,632,206000
3,1952,1952,0,944,944,1,4,2,528,82000
5,1920,1950,691,691,691,1,4,1,216,86000
8,2006,2006,1574,1574,1574,2,7,3,824,232000
5,1976,1976,1680,1680,1680,2,8,2,528,136905
7,2005,2006,1346,1504,1504,2,7,2,457,181000
5,1977,1977,985,985,985,2,6,1,328,149900
6,1970,1970,1657,1657,1657,2,7,2,484,163500
4,1970,1970,546,546,1092,1,6,1,286,88000
7,2004,2005,1710,1710,1710,2,7,2,550,240000
5,1926,1950,1008,1008,1522,2,7,0,0,102000
5,1948,1950,720,720,1271,2,7,1,312,135000
5,1965,1965,0,1664,1664,2,8,0,0,100000
6,1923,1996,602,900,1502,1,7,1,180,165000
5,1910,2006,1022,1022,1022,1,4,1,280,85000
6,1948,1950,1082,1082,1082,1,5,1,240,119200
8,2001,2001,810,810,1665,2,6,2,528,227000
7,1996,1996,1504,1504,1504,2,6,2,478,203000
8,1984,1984,1220,1360,1360,1,4,2,565,187500
7,1991,1992,384,802,1472,2,7,2,402,160000
7,2005,2005,1362,1506,1506,2,6,2,440,213490
4,2005,2005,1132,1132,1132,1,5,2,451,176000
7,2006,2006,1199,1220,1220,2,6,2,632,194000
5,1930,1950,912,912,1248,1,6,1,160,87000
7,2005,2006,1346,1504,1504,2,7,2,437,191000
8,1976,1976,1565,2898,2898,2,10,2,665,287000
5,1972,1972,882,882,882,1,5,2,461,112500
5,1960,1960,1268,1264,1264,1,6,2,461,167500
8,2007,2008,1638,1646,1646,2,7,3,800,293077
5,1941,1950,768,968,1376,1,6,1,240,105000
6,1972,1972,672,672,1218,1,7,1,264,118000
5,1916,1995,686,948,1928,2,10,0,0,160000
7,1920,1970,824,1687,3082,2,12,2,672,197000
8,1993,1993,1338,1352,2520,2,10,3,796,310000
7,2002,2002,1654,1654,1654,2,6,3,900,230000
5,1938,1950,920,954,954,1,5,1,240,119750
4,1957,1957,0,845,845,1,5,1,290,84000
9,2007,2008,1620,1620,1620,2,6,3,912,315500
8,2001,2002,1055,1055,2263,2,7,2,905,287000
4,1970,2008,546,798,1344,1,6,0,0,97000
4,1970,1970,630,630,630,1,3,1,286,80000
5,1957,2000,1134,1803,1803,2,8,2,484,155000
6,1966,2000,800,800,1632,1,7,2,484,173000
6,2005,2005,1306,1306,1306,2,5,2,624,196000
7,1990,1990,1475,1532,2329,2,10,2,514,262280
8,1981,1981,2524,2524,2524,2,9,2,542,278000
3,1955,1955,0,1733,1733,2,8,2,452,139600
9,2005,2006,1992,1992,2868,3,11,3,716,556581
5,1994,1995,990,990,990,1,5,2,672,145000
5,1960,2006,0,1771,1771,1,9,2,336,115000
4,1946,2006,0,930,930,1,6,1,308,84900
7,2007,2007,1302,1302,1302,2,6,2,436,176485
7,2007,2007,1316,1316,1316,2,6,2,440,200141
6,1964,1978,816,1127,1977,1,9,2,540,165000
5,1957,2002,1216,1526,1526,1,7,1,364,144500
8,2002,2002,1065,1091,1989,2,7,2,586,255000
6,1976,1976,1193,1523,1523,2,7,2,478,180000
7,2005,2005,1364,1364,1364,2,6,2,484,185850
7,1994,1994,973,979,1850,2,7,2,467,248000
9,2008,2008,1104,1130,2184,2,10,3,836,335000
6,1932,1950,854,1096,1991,1,7,2,432,220000
8,2001,2001,1338,1338,1338,2,6,2,582,213500
3,1935,1950,894,894,894,1,6,3,1248,81000
5,1900,1950,662,1422,2337,2,10,2,560,90000
6,1925,1980,1103,1103,1103,1,5,2,440,110500
5,1966,1966,1154,1154,1154,1,6,2,480,154000
7,1996,1997,1306,1306,2260,2,7,2,533,328000
6,1993,1994,799,799,1571,2,7,2,380,178000
6,1964,1964,780,798,1611,1,7,2,442,167900
6,1973,1973,942,1291,2521,2,10,2,576,151400
5,1949,2003,845,893,893,1,4,2,576,135000
5,1956,1956,1048,1048,1048,1,6,1,286,135000
6,1968,1968,727,829,1556,1,8,2,441,154000
5,1948,1950,810,1002,1456,1,7,1,280,91500
6,1977,1977,690,698,1426,1,6,2,440,159500
7,2006,2006,1240,1240,1240,2,5,3,826,194000
7,1940,1984,800,960,1740,1,6,1,240,219500
5,1936,1989,796,1096,1466,2,7,2,566,170000
5,1969,1969,1096,1096,1096,1,6,1,299,138800
6,2004,2004,848,848,848,1,3,2,420,155900
5,1994,1994,990,990,990,1,5,1,299,126000
6,1971,2004,1258,1258,1258,2,5,2,528,145000
5,1963,1963,1040,1040,1040,1,5,1,308,133000
7,2002,2002,1459,1459,1459,2,6,2,527,192000
6,1964,1964,1251,1251,1251,1,6,1,461,160000
6,1995,1996,691,691,1498,2,6,2,409,187500
6,1992,1992,936,996,996,1,5,2,564,147000
4,1973,1973,546,546,1092,1,6,1,286,83500
8,2005,2006,1082,1082,1953,2,9,3,1043,252000
7,2004,2004,970,970,1709,2,7,2,380,137500
8,2005,2005,1247,1247,1247,1,4,2,550,197000
3,1950,1950,0,1040,1040,2,6,2,400,92900
7,1999,2000,600,624,1252,2,4,2,462,160000
6,1925,1950,1181,1390,1694,2,7,2,576,136500
5,1965,1998,864,1200,1200,1,6,2,884,146000
5,1956,2000,936,936,936,1,4,1,308,129000
6,2006,2006,1314,1314,1314,2,6,2,440,176432
6,1914,2006,684,773,1355,1,7,0,0,127000
8,1986,1986,1074,1088,1088,1,5,2,461,170000
4,1936,1950,672,757,1324,1,6,1,240,128000
7,1978,1978,1271,1601,1601,2,7,2,478,157000
2,1920,1950,290,438,438,1,3,1,246,60000
5,1971,1971,950,950,950,1,5,1,280,119500
5,1960,2002,1010,1134,1134,1,6,1,254,135000
6,1959,1959,655,1194,1194,1,6,2,539,159500
5,1970,1970,630,630,1302,2,6,2,440,106000
8,1994,1995,1463,1500,2622,2,9,2,712,325000
7,1990,1991,910,1442,1442,2,6,2,719,179900
7,2006,2006,868,887,2021,2,9,2,422,274725
6,2000,2000,924,948,1690,2,7,2,463,181000
8,2004,2005,1836,1836,1836,2,7,3,862,280000
6,1995,1996,773,773,1658,2,8,2,431,188000
7,1976,1976,803,1098,1964,2,8,2,483,205000
5,1957,1957,816,816,816,1,5,1,308,129900
5,1953,2006,1008,1008,1008,1,6,1,240,134500
5,1954,2000,833,833,833,1,4,1,326,117000
8,2007,2007,1734,1734,1734,2,7,3,928,318000
8,2002,2002,408,779,1419,2,7,2,527,184100
5,1967,2003,894,894,894,1,5,2,450,130000
5,1958,1987,533,1021,1601,1,6,1,300,140000
5,1959,1959,1040,1040,1040,1,6,1,286,133700
6,1920,1950,1012,1012,1012,1,6,1,308,118400
7,2005,2006,1552,1552,1552,2,7,3,782,212900
4,1956,1956,672,960,960,1,5,1,288,112000
5,1947,2008,698,698,698,1,4,0,0,118000
7,1992,1992,384,812,1482,2,7,2,392,163900
4,1955,1955,1005,1005,1005,1,5,2,672,115000
7,2007,2007,1373,1555,1555,2,7,3,660,174000
7,2004,2004,1530,1530,1530,2,7,3,630,259000
7,2004,2005,847,847,1959,2,8,2,434,215000
5,1980,1980,936,936,936,1,4,2,672,140000
4,1928,1950,1122,1328,1981,2,7,2,576,135000
5,1991,1992,974,974,974,1,5,0,0,93500
6,1880,1950,1008,1178,2210,2,8,1,205,117500
8,1995,1995,1128,1142,2020,2,8,2,466,239500
6,1997,1997,916,916,1600,2,7,2,460,169000
6,1926,1950,960,986,986,1,5,1,180,102000
6,1950,1950,1032,1032,1252,1,6,1,288,119000
5,1875,1996,780,780,1020,1,6,0,0,94000
6,1977,1977,1567,1567,1567,2,5,2,714,196000
5,1920,1950,915,1167,1167,1,6,2,495,144000
5,1951,1951,952,952,952,1,4,2,840,139000
5,1976,1976,780,1088,1868,2,9,2,484,197500
8,2006,2007,1466,1466,2828,3,11,3,1052,424870
5,1959,1959,1006,1006,1006,1,5,0,0,80000
4,1941,1950,672,672,924,1,5,1,280,80000
5,1928,1950,1042,1042,1576,1,8,1,225,149000
6,1985,1985,1298,1298,1298,2,5,2,403,180000
7,1941,1950,704,860,1564,1,7,1,234,174500
7,1926,1950,572,572,1111,1,5,1,288,116900
7,1920,1988,650,832,1482,1,7,2,324,143000
6,1950,1950,932,932,932,1,4,1,306,124000
5,1959,1959,1466,1466,1466,1,6,2,528,149900
6,1956,2004,1073,1811,1811,1,6,2,470,230000
6,1930,2007,816,816,816,1,5,1,432,120500
7,1965,1988,864,902,1820,1,8,2,492,201800
5,1976,2004,1437,1437,1437,2,6,2,528,218000
5,1965,1999,1219,1265,1265,2,6,2,502,179900
7,2007,2008,1314,1314,1314,2,6,2,626,230000
8,2007,2008,1580,1580,1580,2,7,3,830,235128
6,1974,1974,901,943,1876,2,8,2,540,185000
6,1978,1978,855,855,1456,2,7,2,440,146000
6,1954,2006,1296,1640,1640,1,7,2,924,224000
5,1968,1968,894,894,894,1,5,2,450,129000
4,1969,1969,1198,1258,1258,0,6,2,400,108959
5,1978,1978,1360,1432,1432,1,5,2,588,194000
7,2009,2009,1502,1502,1502,2,7,2,644,233170
8,2008,2008,1694,1694,1694,2,7,3,776,245350
6,2000,2000,959,959,1671,2,7,2,472,173000
6,1935,1986,1127,1236,2108,2,7,2,540,235000
10,1995,1996,1930,1831,3627,3,10,3,807,625000
6,1977,1977,1096,1118,1118,1,6,1,358,171000
6,1958,1958,1261,1261,1261,1,6,2,433,163000
7,2006,2007,625,625,1250,2,5,2,625,171900
5,1946,1994,1598,1636,3086,3,12,0,0,200500
6,1932,1950,952,1170,2345,2,9,2,360,239000
8,1992,2000,1683,2129,2872,2,9,2,541,285000
5,1984,1985,876,923,923,1,5,1,264,119500
6,1926,2004,818,818,1224,1,5,1,210,115000
5,1921,1950,731,820,1343,1,7,1,186,154900
5,1954,1954,0,1124,1124,1,5,0,0,93000
7,1990,1991,1216,1298,2514,2,8,2,693,250000
8,2008,2008,1600,1652,1652,2,5,2,482,392500
10,1996,1996,2396,2411,4476,3,10,3,813,745000
5,1920,1950,1120,1130,1130,1,5,2,720,120000
5,1963,1963,1572,1572,1572,1,5,3,995,186700
5,1924,1950,784,949,1221,1,7,1,392,104900
3,1900,1970,978,1014,1699,2,7,2,420,95000
8,1994,1995,1624,1624,1624,2,5,3,757,262000
7,2002,2002,831,831,1660,2,7,2,493,195000
7,1999,1999,994,1028,1804,2,7,2,442,189000
4,1961,1975,1249,1622,1622,1,7,4,1356,168000
8,1999,2000,776,764,1441,2,5,2,492,174000
5,1925,1994,702,842,1472,1,6,1,250,125000
6,1999,1999,1224,1224,1224,2,5,2,402,165000
6,1969,1969,663,663,1352,1,7,1,299,158000
6,2005,2005,728,728,1456,2,8,2,400,176000
7,2006,2006,879,879,1863,2,9,3,660,219210
7,1916,1950,815,815,1690,1,7,1,225,144000
7,2001,2001,1212,1212,1212,2,6,2,573,178000
4,1963,1979,1051,1382,1382,1,6,2,459,148000
4,1970,1970,864,864,864,1,5,1,280,116050
7,1998,1998,866,866,1779,2,6,2,546,197900
5,1925,1997,884,884,1348,1,5,1,216,117000
7,2000,2001,1630,1630,1630,2,6,2,451,213000
5,1975,1975,1056,1074,1074,1,6,2,495,153500
7,1990,1991,2158,2196,2196,2,7,3,701,271900
4,1966,1966,1056,1056,1056,1,5,1,384,107000
6,2003,2003,1682,1700,1700,2,7,2,544,200000
5,1962,1980,931,1283,1283,1,6,2,506,140000
8,2006,2006,1660,1660,1660,2,8,2,500,290000
6,1992,1992,1055,1055,1845,2,8,2,462,189000
8,1988,2005,559,1080,1752,2,8,2,492,164000
4,1941,1950,672,672,672,1,4,1,234,113000
4,1965,2001,648,960,960,0,3,1,364,145000
5,1962,1962,925,999,999,1,6,1,300,134500
5,1966,1966,894,894,894,1,5,1,384,125000
6,1978,1978,0,1318,1902,2,8,2,539,112000
8,2009,2009,1300,1314,1314,2,6,2,552,229456
4,1947,1950,0,672,912,1,3,0,0,80500
6,1971,1971,672,672,1218,1,7,0,0,91500
5,1964,1964,912,912,912,1,5,1,288,115000
5,1968,1968,952,1211,1211,1,5,1,322,134000
6,1949,1950,1040,1168,1846,2,7,1,315,143000
5,1951,1951,2136,2136,2136,2,7,2,528,137900
7,2004,2005,788,788,1490,2,8,2,388,184000
6,1958,1958,588,1138,1138,1,6,1,264,145000
6,2007,2007,894,894,1933,2,9,3,668,214000
5,1965,2008,912,912,912,1,5,2,576,147000
9,2008,2008,1702,1702,1702,1,7,3,1052,367294
5,1960,1960,1075,1507,1507,2,7,1,404,127000
5,1977,1977,1361,1361,2620,2,12,2,600,190000
5,1962,1962,1106,1190,1190,1,6,2,540,132500
4,1962,1962,0,1224,1224,2,6,2,462,101800
5,1959,1959,1188,1188,1188,1,6,2,531,142000
5,1911,1950,940,1024,1964,1,7,0,0,130000
5,1914,1950,747,892,1784,1,9,1,180,138887
7,2003,2003,764,764,1626,2,6,2,474,175500
7,2004,2005,847,847,1948,2,8,2,434,195000
6,2005,2005,1141,1141,1141,1,6,2,484,142500
8,2006,2006,1476,1484,1484,2,6,2,472,265900
7,2003,2003,884,884,1768,2,8,2,543,224900
7,2007,2007,1689,1689,1689,2,7,3,954,248328
7,1974,1974,1053,1173,1173,2,6,2,528,170000
10,2006,2006,2076,2076,2076,2,7,3,850,465000
8,1929,1950,792,792,1517,1,7,2,400,230000
6,1984,2003,585,1140,1868,3,7,2,477,178000
7,2005,2006,756,756,1553,2,6,2,615,186500
6,1976,1976,1012,1034,1034,1,6,3,888,169900
6,1917,1950,735,1134,2058,1,8,2,396,129500
5,1950,1950,876,988,988,1,6,1,276,119000
7,1968,1968,2110,2110,2110,2,8,2,522,244000
7,2003,2003,1405,1405,1405,2,6,2,478,171750
5,1968,1968,864,874,874,1,5,1,288,130000
7,1974,2003,1192,1516,2167,2,9,2,518,294000
7,2003,2004,746,760,1656,2,7,2,397,165400
6,1931,1950,884,959,1367,1,6,1,560,127500
8,1994,1994,1986,1987,1987,2,7,2,691,301500
5,1922,1950,864,864,864,1,4,0,0,99900
7,2005,2005,856,1166,1166,2,5,2,400,190000
6,1969,1969,1054,1054,1054,1,6,2,460,151000
6,1999,1999,841,892,1675,2,7,2,502,181000
5,1956,1956,1050,1050,1050,1,5,1,338,128900
4,1957,1989,1104,1104,1788,1,8,1,304,161500
6,1919,1950,764,1060,1824,1,8,2,520,180500
6,1998,1999,1405,1337,1337,2,5,2,511,181000
7,1999,1999,691,713,1452,2,6,2,506,183900
7,1910,1950,925,964,1889,1,9,1,308,122000
9,2008,2009,2002,2018,2018,2,10,3,746,378500
8,1935,1997,728,1968,3447,3,11,3,1014,381000
5,1958,1958,874,874,1524,1,7,1,315,144000
7,1979,1979,1332,1332,1524,0,4,2,586,260000
6,1968,1968,1489,1489,1489,2,7,2,462,185750
5,1965,1965,935,935,935,1,5,1,288,137000
6,1959,2006,1019,1357,1357,1,5,1,312,177000
5,1910,2003,661,661,1250,2,8,2,552,139000
5,1948,1950,928,928,1920,2,10,2,400,137000
6,1972,1972,723,735,1395,1,6,2,497,162000
6,1967,1976,1680,1724,1724,1,7,2,480,197900
8,2002,2002,1128,1128,2031,2,7,2,577,237000
4,1920,1950,698,698,1128,1,6,2,528,68400
7,2002,2002,1573,1573,1573,2,6,2,544,227000
7,1990,1990,1309,1339,1339,2,6,2,484,180000
5,1977,2008,1040,1040,1040,2,5,2,484,150500
6,1971,1971,912,912,1824,2,8,0,0,139000
6,1919,1990,804,1699,2447,2,10,1,336,169000
6,1939,1950,780,825,1412,1,6,1,280,132500
6,1963,1963,1328,1328,1328,1,6,2,528,143000
5,1964,1964,1624,1582,1582,2,7,2,390,190000
8,2000,2000,1501,1659,1659,2,5,2,499,278000
8,2006,2006,1085,1120,1970,2,8,3,753,281000
5,1964,1964,1152,1152,1152,1,6,2,484,180500
5,1972,1972,630,630,1302,2,6,1,264,119500
5,1892,1965,994,1378,2372,2,11,1,432,107500
7,1976,1976,832,832,1664,2,8,2,528,162900
5,1955,1990,864,864,864,1,5,2,572,115000
5,1968,1968,1052,1052,1052,1,5,1,288,138500
5,1963,1963,1120,1128,1128,2,6,2,525,155000
6,2005,2006,547,1072,1072,2,5,2,525,140000
10,2008,2008,6110,4692,5642,2,12,2,1418,160000
5,1959,1994,1246,1246,1246,1,6,1,305,154000
7,1999,1999,978,1005,1983,2,9,2,490,225000
6,1942,1950,771,753,1494,1,7,1,213,177500
8,1994,1994,1165,1203,2526,2,8,3,844,290000
7,2005,2005,1616,1616,1616,2,7,3,834,232000
7,2004,2004,976,976,1708,2,7,2,380,130000
9,2006,2007,1652,1652,1652,2,6,2,840,325000
7,2005,2006,1368,1368,1368,2,6,2,474,202500
5,1994,1995,990,990,990,1,5,2,480,138000
5,1948,2005,924,1122,1122,1,6,2,528,147000
6,1991,1991,1278,1294,1294,2,6,2,496,179200
7,1959,2002,1902,1902,1902,2,7,2,567,335000
7,2005,2007,1274,1274,1274,2,6,2,508,203000
8,1990,1990,1453,1453,2810,2,9,2,750,302000
9,1999,1999,1393,1422,2599,2,10,3,779,333168
4,1954,1954,948,948,948,1,5,1,280,119000
6,1969,1969,952,1092,2112,2,9,2,576,206900
8,2008,2008,1622,1630,1630,2,8,3,860,295493
7,2006,2007,1352,1352,1352,2,5,2,466,208900
8,2001,2002,1753,1787,1787,2,7,3,748,275000
4,1954,1954,864,948,948,1,5,1,248,111000
6,1957,1957,1478,1478,1478,1,6,2,442,156500
3,1949,1950,0,720,720,1,4,1,287,72500
7,1992,1992,750,1061,1923,2,8,2,564,190000
4,1940,1950,420,708,708,1,5,0,0,82500
8,2006,2007,1795,1795,1795,2,7,3,895,147000
4,1922,1950,796,796,796,1,5,0,0,55000
3,1931,2006,544,774,774,1,6,0,0,79000
5,1982,2008,816,816,816,1,5,1,264,130500
6,1920,1950,1510,1584,2792,2,8,2,520,256000
7,1998,1998,935,955,1632,2,8,2,462,176500
8,2006,2006,1588,1588,1588,2,7,3,825,227000
5,1976,1976,911,954,954,1,6,2,576,132500
4,1938,1958,816,816,816,1,3,1,288,100000
5,1938,1995,803,803,1360,1,6,1,297,125500
5,1970,1970,765,765,1365,1,7,2,440,125000
6,1977,1977,1350,1334,1334,2,6,2,630,167900
5,1973,1973,1656,1656,1656,2,8,2,506,135000
4,1941,1950,693,693,693,1,4,0,0,52500
7,2002,2002,916,920,1861,2,8,2,492,200000
5,1972,1972,864,864,864,1,5,1,288,128500
4,1971,1971,858,872,872,1,5,4,480,123000
6,2003,2004,1114,1114,1114,1,6,2,576,155000
8,2002,2002,1284,1284,2169,2,7,2,647,228500
6,1928,1950,896,1172,1913,1,9,2,342,177000
7,2006,2006,728,728,1456,2,8,2,440,155835
4,1920,1950,960,960,960,1,5,1,308,108500
7,1968,2003,1568,2156,2156,2,9,2,508,262500
8,2006,2007,1732,1776,1776,2,7,3,712,283463
7,1998,1998,1482,1494,1494,2,5,2,514,215000
8,1872,1987,684,938,2358,2,8,0,0,122000
5,1969,1969,1248,1338,2634,2,12,4,968,200000
6,1962,1962,858,858,1716,1,8,2,490,171000
6,1937,2000,698,786,1176,1,4,2,624,134900
8,1995,1996,2033,2053,3238,2,9,3,666,410000
7,2000,2000,992,992,1865,2,7,3,839,235000
7,1968,1992,570,1222,1920,3,8,2,487,170000
5,1966,1966,864,892,892,1,5,1,264,110000
5,1971,2008,1078,1078,1078,1,6,2,500,149900
6,2000,2000,756,769,1573,2,5,2,440,177500
9,2004,2005,1980,1980,1980,2,8,3,770,315000
5,1921,1998,612,990,2601,3,8,2,621,189000
7,2005,2005,1530,1530,1530,2,7,2,430,260000
4,1920,2007,715,1281,1738,2,7,1,368,104900
6,2006,2007,616,616,1412,2,6,2,432,156932
7,2005,2005,600,520,1200,2,4,2,480,144152
7,2000,2000,814,814,1674,2,7,2,663,216000
7,1999,1999,873,882,1790,2,7,2,588,193000
5,1977,1977,757,925,1475,2,6,1,336,127000
6,2003,2004,848,848,848,1,4,2,420,144000
8,2003,2003,1657,1668,1668,2,8,2,502,232000
4,1920,1950,840,840,1374,1,6,1,338,105000
6,1955,1996,992,1661,1661,1,8,1,377,165500
7,1998,1998,1108,1108,2097,2,8,2,583,274300
10,2001,2002,2633,2633,2633,2,8,3,804,466500
7,2005,2005,1026,1026,1958,2,9,3,936,250000
8,2007,2007,1571,1571,1571,2,7,3,722,239000
6,1930,1950,768,790,790,1,4,1,160,91000
5,1941,1960,984,984,1604,2,6,2,660,117000
6,1973,1973,483,483,987,1,5,1,264,83000
5,2006,2007,384,754,1394,2,7,2,400,167500
3,1914,1950,864,864,864,1,5,1,200,58500
6,1970,1970,1205,2117,2117,2,7,2,550,237500
7,1920,1950,596,998,1762,1,8,2,576,157000
5,1918,2007,816,1416,1416,2,7,2,576,112000
6,1939,1950,560,698,1258,1,6,1,280,105000
4,1922,2007,796,796,1154,1,7,1,240,125500
7,1978,1978,1392,1392,2784,3,12,2,564,250000
6,1916,1950,714,1664,2526,2,10,1,216,136000
9,2006,2007,1746,1746,1746,2,7,3,758,377500
6,1941,1950,735,869,1218,1,6,2,440,131000
7,2000,2000,1525,1525,1525,2,6,2,541,235000
5,1967,1967,1584,1584,1584,2,8,3,792,124000
5,1967,1967,864,900,900,1,6,1,288,123000
6,1905,2000,482,1221,1912,2,7,2,672,163000
7,2006,2006,1356,1500,1500,2,6,3,648,246578
8,2005,2006,1094,1133,2482,2,9,3,642,281213
5,1948,1950,747,1687,1687,1,7,2,572,160000
5,1920,2004,939,939,1513,1,8,1,180,137500
5,1950,1982,1208,1136,1904,1,7,1,240,138000
6,1925,1990,976,1160,1608,2,7,1,216,137450
6,1929,1950,862,950,1158,1,5,1,208,120000
6,2004,2004,839,864,1593,2,8,2,398,193000
7,2006,2006,1286,1294,1294,2,6,2,662,193879
8,2007,2007,1485,1464,1464,2,6,3,754,282922
3,1915,1950,672,694,1214,1,6,3,936,105000
8,2004,2005,1594,1646,1646,2,5,2,482,275000
5,1972,2007,768,768,768,1,5,2,396,133000
5,1985,1985,833,833,833,1,5,0,0,112000
4,1910,1950,622,741,1363,1,6,2,528,125500
7,1986,1991,791,1236,2093,2,7,2,542,215000
7,2001,2001,944,944,1840,2,6,2,622,230000
6,1950,2005,856,1112,1668,1,6,1,271,140000
4,1949,1950,0,1040,1040,2,6,2,420,90000
8,2005,2006,1844,1844,1844,2,7,2,620,257000
6,1923,2000,833,1053,1848,1,8,2,370,207000
7,2007,2007,1386,1569,1569,2,7,3,660,175900
4,1885,1950,777,1246,2290,2,11,2,560,122500
8,1998,1998,1284,1310,2450,2,7,3,1069,340000
5,1963,1963,1144,1144,1144,1,6,1,336,124000
6,1969,1969,1844,1844,1844,2,7,2,540,223000
6,1968,1968,708,708,1416,2,7,2,776,179900
6,1977,1977,1069,1069,1069,2,4,2,440,127500
6,2003,2003,848,848,848,1,3,2,420,136500
6,1966,1966,697,1575,2201,2,8,2,432,274970
5,1958,1983,1024,1344,1344,1,6,1,484,144000
6,1959,1959,1252,1252,1252,1,7,2,528,142000
7,1994,1994,1223,1223,2127,2,5,2,525,271000
5,1945,1950,913,1048,1558,1,6,1,288,140000
5,1940,1992,788,804,804,1,4,1,240,119000
6,1981,1981,1440,1440,1440,2,7,2,467,182900
5,2005,2005,732,734,1838,2,7,2,372,192140
6,1976,1976,958,958,958,2,5,2,440,143750
4,1927,2007,656,968,968,2,5,1,216,64500
6,2000,2000,936,962,1792,2,8,2,451,186500
5,1977,1977,1126,1126,1126,2,5,2,484,160000
6,1962,2005,1319,1537,1537,1,7,2,462,174000
4,1971,1971,864,864,864,1,5,2,528,120500
8,2008,2008,1932,1932,1932,2,7,3,774,394617
6,1957,1996,912,1236,1236,1,6,2,923,149700
7,1979,1979,539,1040,1725,2,6,2,550,197000
6,1922,1994,588,1423,2555,2,11,2,672,191000
6,2004,2004,848,848,848,1,3,2,420,149300
10,2008,2008,1017,1026,2007,2,10,3,812,310000
6,1916,1950,952,952,952,1,4,1,192,121000
7,2004,2004,1422,1422,1422,2,7,2,626,179600
6,1966,1966,814,913,913,1,6,1,240,129000
5,1962,1962,1188,1188,1188,1,6,1,312,157900
8,1995,1996,1220,1220,2090,2,8,2,556,240000
4,1910,2000,560,796,1346,1,6,1,384,112000
5,1970,1970,630,630,630,1,3,0,0,92000
5,1974,1974,896,896,1792,2,8,0,0,136000
8,2008,2009,1573,1578,1578,2,7,3,840,287090
5,2005,2005,547,1072,1072,1,5,2,525,145000
5,2006,2006,1140,1140,1140,1,6,0,0,84500
7,2004,2005,1221,1221,1221,2,6,2,400,185000
6,1999,2000,953,953,1647,2,7,2,460,175000
6,1978,1988,1542,2073,2073,2,7,2,500,210000
7,1941,2006,1152,1188,2340,2,9,1,252,266500
5,1950,1996,1078,1078,1078,1,5,1,240,142125
5,1965,1965,1256,1256,1256,1,6,1,276,147500
